Momentum Bin (GeV/c),c,Contamination (%)
1-1.3,0.972957,0
1.3-1.6,0.980419,0
1.6-1.9,0.983446,0.00904629
1.9-2.2,0.985905,0.0377272
2.2-2.5,0.988903,0.334367
2.5-2.8,0.990866,0.705429
2.8-3.1,0.992608,1.92902
3.1-3.4,0.993545,3.90133
3.4-3.7,0.994701,7.78095
3.7-4,0.995543,16.5793
